{"cameraMode":{"drawMode":0,"name":"Shaded","section":"Shading Mode"},"sceneLighting":false,"audioPlay":false,"sceneViewState":{"showFog":true,"showMaterialUpdate":false,"showSkybox":true,"showFlares":true,"showImageEffects":true,"showParticleSystems":true},"in2DMode":false,"pivot":{"x":0.36470603942871096,"y":-15.883289337158204,"z":4.195762634277344},"rotation":{"x":0.4216862618923187,"y":-0.004086856264621019,"z":0.001895710825920105,"w":0.9067306518554688},"size":59.55215072631836,"orthographic":false}