{"cameraMode":{"drawMode":0,"name":"Shaded","section":"Shading Mode"},"sceneLighting":false,"audioPlay":false,"sceneViewState":{"showFog":true,"showMaterialUpdate":false,"showSkybox":true,"showFlares":true,"showImageEffects":true,"showParticleSystems":true},"in2DMode":false,"pivot":{"x":0.5382857322692871,"y":1.0428597927093506,"z":-0.33000004291534426},"rotation":{"x":0.4216862618923187,"y":-0.004086856264621019,"z":0.001895710825920105,"w":0.9067306518554688},"size":4.041658401489258,"orthographic":false}