{"cameraMode":{"drawMode":0,"name":"Shaded","section":"Shading Mode"},"sceneLighting":false,"audioPlay":false,"sceneViewState":{"showFog":true,"showMaterialUpdate":false,"showSkybox":true,"showFlares":true,"showImageEffects":true,"showParticleSystems":true},"in2DMode":false,"pivot":{"x":-8.096342086791993,"y":2.0539298057556154,"z":-0.6919479370117188},"rotation":{"x":0.04400347173213959,"y":0.9480679035186768,"z":-0.27653616666793826,"w":0.15086022019386292},"size":2.8578836917877199,"orthographic":false}