{"cameraMode":{"drawMode":0,"name":"Shaded","section":"Shading Mode"},"sceneLighting":false,"audioPlay":false,"sceneViewState":{"showFog":true,"showMaterialUpdate":false,"showSkybox":true,"showFlares":true,"showImageEffects":true,"showParticleSystems":true},"in2DMode":false,"pivot":{"x":-9.920000076293946,"y":0.9800000190734863,"z":-0.29247283935546877},"rotation":{"x":-0.22338494658470155,"y":0.014049343764781952,"z":-0.003219540463760495,"w":-0.9746237397193909},"size":4.041658401489258,"orthographic":false}