{"cameraMode":{"drawMode":0,"name":"Shaded","section":"Shading Mode"},"sceneLighting":true,"audioPlay":false,"sceneViewState":{"showFog":true,"showMaterialUpdate":false,"showSkybox":true,"showFlares":true,"showImageEffects":true,"showParticleSystems":true},"in2DMode":false,"pivot":{"x":-8.096342086791993,"y":2.0539298057556154,"z":-0.6919479370117188},"rotation":{"x":-0.22338494658470155,"y":0.014049343764781952,"z":-0.003219540463760495,"w":-0.9746237397193909},"size":5.566646099090576,"orthographic":false}