{"cameraMode":{"drawMode":0,"name":"Shaded","section":"Shading Mode"},"sceneLighting":false,"audioPlay":false,"sceneViewState":{"showFog":true,"showMaterialUpdate":false,"showSkybox":false,"showFlares":true,"showImageEffects":true,"showParticleSystems":true},"in2DMode":false,"pivot":{"x":-9.920000076293946,"y":0.9800000190734863,"z":-0.29247283935546877},"rotation":{"x":0.03846622630953789,"y":0.8902282118797302,"z":-0.16780295968055726,"w":0.4217302203178406},"size":4.041658401489258,"orthographic":false}